,file names,batch size,context window,input columns,target_columns,regression_binary_pred,F_1_score,mse
0,config2.json,64,20,"['ROC_1', 'ROC_2', 'ROC_5']",['ROC_1'],0.5532155797101449,0.7205882352941176,3.8940216700236
1,config4.json,64,20,"['ROC_1', 'ROC_2', 'ROC_5']",['FSMA_10'],0.6521739130434783,0.8041237113402061,4.463209410508473
2,config1.json,64,20,"['EMA_2_3', 'EMA_2_5', 'EMA_3_5']",['ROC_1'],0.5552536231884058,0.7205882352941176,3.89809583624204
3,config3.json,64,20,"['EMA_2_3', 'EMA_2_5', 'EMA_3_5']",['FSMA_10'],0.6521739130434783,0.8041237113402061,4.2354429960250854
